Strain Name	Virus Species	GenBank Accession	Sequence Length	Pango Genome Lineage	Collection Date	Host	GenBank Host	Country	Mol Type
05DRC99	Marburg marburgvirus	DQ447651	19114	-N/A-	05/1999	Human	Homo sapiens	Democratic Republic of the Congo	genomic RNA
M/S.Africa/Johannesburg/1975/Ozolin	Marburg marburgvirus	AY358025	19151	-N/A-	-N/A-	Unknown	-N/A-	-N/A-	genomic RNA
Ang0215	Marburg marburgvirus	DQ447658	19114	-N/A-	04/2005	Human	Homo sapiens	Angola	genomic RNA
Kenya	Marburg marburgvirus	EF446131	19114	-N/A-	1987	Unknown	-N/A-	Kenya	viral cRNA
pp3 guinea pig lethal variant	Marburg marburgvirus	AY430365	19113	-N/A-	-N/A-	Unknown	-N/A-	-N/A-	genomic RNA
Ang0214	Marburg marburgvirus	DQ447657	19114	-N/A-	04/2005	Human	Homo sapiens	Angola	genomic RNA
pp4 guinea pig nonlethal variant	Marburg marburgvirus	AY430366	19112	-N/A-	-N/A-	Unknown	-N/A-	-N/A-	genomic RNA
07DRC99	Marburg marburgvirus	DQ447650	19114	-N/A-	05/1999	Human	Homo sapiens	Democratic Republic of the Congo	genomic RNA
Popp	Marburg marburgvirus	Z29337	19112	-N/A-	-N/A-	Unknown	-N/A-	-N/A-	genomic RNA
Ang0126	Marburg marburgvirus	DQ447656	19114	-N/A-	04/2005	Human	Homo sapiens	Angola	genomic RNA
R3	Marburg marburgvirus	EU500826	19114	-N/A-	1987	Unknown	-N/A-	Kenya	viral cRNA
R1	Marburg marburgvirus	EU500827	19114	-N/A-	1987	Human	Homo sapiens	Kenya	viral cRNA
Uganda 188Bat2007	Marburg marburgvirus	FJ750955	19114	-N/A-	2007	Bat	Rousettus aegyptiacus	Uganda	viral cRNA
UNKNOWN-HC069227	Marburg marburgvirus	HC069227	19112	-N/A-	-N/A-	Unknown	-N/A-	-N/A-	unassigned DNA
Ang0998	Marburg marburgvirus	DQ447660	19114	-N/A-	05/2005	Human	Homo sapiens	Angola	genomic RNA
Ang1379c	Marburg marburgvirus	DQ447653	19114	-N/A-	03/2005	Human	Homo sapiens	Angola	genomic RNA
Ang1386	Marburg marburgvirus	DQ447655	19114	-N/A-	03/2005	Human	Homo sapiens	Angola	genomic RNA
Ravn	Marburg marburgvirus	DQ447649	19114	-N/A-	1987	Human	Homo sapiens	Kenya	genomic RNA
Ang0754	Marburg marburgvirus	DQ447659	19114	-N/A-	04/2005	Human	Homo sapiens	Angola	genomic RNA
Germany_ Marburg	Marburg marburgvirus	EF446132	19112	-N/A-	1967	Unknown	-N/A-	Germany	viral cRNA
Ang1381	Marburg marburgvirus	DQ447654	19114	-N/A-	03/2005	Human	Homo sapiens	Angola	genomic RNA
09DRC99	Marburg marburgvirus	DQ447652	19114	-N/A-	05/1999	Human	Homo sapiens	Democratic Republic of the Congo	genomic RNA
Uganda 44Bat2007	Marburg marburgvirus	FJ750954	19114	-N/A-	2007	Bat	Rousettus aegyptiacus	Uganda	viral cRNA
Uganda 371Bat2007	Marburg marburgvirus	FJ750958	19114	-N/A-	2007	Bat	Rousettus aegyptiacus	Uganda	viral cRNA
Uganda 982Bat2008	Marburg marburgvirus	FJ750956	19114	-N/A-	2008	Bat	Rousettus aegyptiacus	Uganda	viral cRNA
UNKNOWN-HC069237	Marburg marburgvirus	HC069237	19111	-N/A-	-N/A-	Unknown	-N/A-	-N/A-	unassigned DNA
UNKNOWN-HC069231	Marburg marburgvirus	HC069231	19114	-N/A-	-N/A-	Unknown	-N/A-	-N/A-	unassigned DNA
Uganda 02Uga07	Marburg marburgvirus	FJ750953	19114	-N/A-	2007	Human	Homo sapiens	Uganda	viral cRNA
UNKNOWN-HC069229	Marburg marburgvirus	HC069229	19114	-N/A-	-N/A-	Unknown	-N/A-	-N/A-	unassigned DNA
Uganda 331Bat2007	Marburg marburgvirus	FJ750959	19114	-N/A-	2007	Bat	Rousettus aegyptiacus	Uganda	viral cRNA
R2	Marburg marburgvirus	EU500828	19114	-N/A-	1987	Unknown	-N/A-	Kenya	viral cRNA
Uganda 01Uga07	Marburg marburgvirus	FJ750957	19114	-N/A-	2007	Human	Homo sapiens	Uganda	viral cRNA
UNKNOWN-HC874673	Marburg marburgvirus	HC874673	19114	-N/A-	-N/A-	Unknown	-N/A-	-N/A-	unassigned DNA
UNKNOWN-HC874669	Marburg marburgvirus	HC874669	19111	-N/A-	-N/A-	Unknown	-N/A-	-N/A-	unassigned DNA
UNKNOWN-HC874671	Marburg marburgvirus	HC874671	19114	-N/A-	-N/A-	Unknown	-N/A-	-N/A-	unassigned DNA
Musoke	Marburg marburgvirus	DQ217792	19111	-N/A-	-N/A-	Unknown	-N/A-	Kenya	genomic RNA
Ci67	Marburg marburgvirus	GQ433353	19113	-N/A-	1967	Unknown	-N/A-	Germany	viral cRNA
Ci67	Marburg marburgvirus	GQ433352	19113	-N/A-	1967	Mouse	Mus musculus scid BALB/c	Germany	viral cRNA
Ci67	Marburg marburgvirus	GQ433351	19114	-N/A-	1967	Mouse	Mus musculus BALB/c	Germany	viral cRNA
IRF0328_MARV_CI67	Marburg marburgvirus	OK573003	18849	-N/A-	-N/A-	Unknown	-N/A-	-N/A-	genomic RNA
MARV001	Marburg marburgvirus	OL702894	19058	-N/A-	08/09/2021	Human	Homo sapiens	Guinea	viral cRNA
IRF0322_RAVN	Marburg marburgvirus	OK572966	19043	-N/A-	-N/A-	Unknown	-N/A-	-N/A-	genomic RNA
IRF0296_MARV_MUSOKE	Marburg marburgvirus	OK572967	18991	-N/A-	-N/A-	Unknown	-N/A-	-N/A-	genomic RNA
IRF0202_MARV_ANGOLA	Marburg marburgvirus	OK572969	19092	-N/A-	-N/A-	Unknown	-N/A-	-N/A-	genomic RNA
Musoke	Marburg marburgvirus	Z12132	19104	-N/A-	-N/A-	Unknown	-N/A-	-N/A-	genomic RNA
MARV/R.aegyptiacus-tc/UGA/2008/53 Qbat	Marburg marburgvirus	JX458852	19114	-N/A-	2008	Bat	Rousettus aegyptiacus	Uganda	viral cRNA
MARV/H.sapiens-tc/COD/2000/29 DRC	Marburg marburgvirus	JX458836	19114	-N/A-	2000	Human	Homo sapiens	Democratic Republic of the Congo	viral cRNA
MARV/H.sapiens-tc/COD/2000/16 DRC	Marburg marburgvirus	JX458839	19114	-N/A-	2000	Human	Homo sapiens	Democratic Republic of the Congo	viral cRNA
MARV/H.sapiens-tc/COD/2000/17 DRC	Marburg marburgvirus	JX458838	19114	-N/A-	2000	Human	Homo sapiens	Democratic Republic of the Congo	viral cRNA
MARV/R.aegyptiacus-tc/UGA/2009/843 Qbat	Marburg marburgvirus	JX458855	19114	-N/A-	2009	Bat	Rousettus aegyptiacus	Uganda	viral cRNA
MARV/H.sapiens-tc/COD/2000/30 DRC	Marburg marburgvirus	JX458832	19114	-N/A-	2000	Human	Homo sapiens	Democratic Republic of the Congo	viral cRNA
MARV/H.sapiens-tc/COD/2000/12 DRC	Marburg marburgvirus	JX458840	19114	-N/A-	2000	Human	Homo sapiens	Democratic Republic of the Congo	viral cRNA
MARV/H.sapiens-tc/COD/2000/14 DRC	Marburg marburgvirus	JX458831	19114	-N/A-	2000	Human	Homo sapiens	Democratic Republic of the Congo	viral cRNA
MARV/R.aegyptiacus-tc/UGA/2008/164 Qbat	Marburg marburgvirus	JX458853	19114	-N/A-	2008	Bat	Rousettus aegyptiacus	Uganda	viral cRNA
MARV/H.sapiens-tc/COD/2000/18 DRC	Marburg marburgvirus	JX458842	19114	-N/A-	2000	Human	Homo sapiens	Democratic Republic of the Congo	viral cRNA
MARV/H.sapiens-tc/COD/1999/01 DRC	Marburg marburgvirus	JX458833	19114	-N/A-	1999	Human	Homo sapiens	Democratic Republic of the Congo	viral cRNA
MARV/R.aegyptiacus-tc/UGA/2009/1328 Qbat	Marburg marburgvirus	JX458858	19114	-N/A-	2009	Bat	Rousettus aegyptiacus	Uganda	viral cRNA
RAVV/R.aegyptiacus-tc/UGA/2009/1304 Qbat	Marburg marburgvirus	JX458857	19114	-N/A-	2009	Bat	Rousettus aegyptiacus	Uganda	viral cRNA
MARV/H.sapiens-tc/COD/2000/25 DRC	Marburg marburgvirus	JX458849	19114	-N/A-	2000	Human	Homo sapiens	Democratic Republic of the Congo	viral cRNA
MARV/H.sapiens-tc/COD/1999/03 DRC	Marburg marburgvirus	JX458826	19113	-N/A-	1999	Human	Homo sapiens	Democratic Republic of the Congo	viral cRNA
MARV/H.sapiens-tc/COD/2000/28 DRC	Marburg marburgvirus	JX458846	19114	-N/A-	2000	Human	Homo sapiens	Democratic Republic of the Congo	viral cRNA
MARV/H.sapiens-tc/COD/2000/19 DRC	Marburg marburgvirus	JX458828	19114	-N/A-	2000	Human	Homo sapiens	Democratic Republic of the Congo	viral cRNA
MARV/H.sapiens-tc/COD/1999/06 DRC	Marburg marburgvirus	JX458830	19114	-N/A-	1999	Human	Homo sapiens	Democratic Republic of the Congo	viral cRNA
MARV/H.sapiens-tc/COD/2000/32 DRC	Marburg marburgvirus	JX458827	19114	-N/A-	2000	Human	Homo sapiens	Democratic Republic of the Congo	viral cRNA
MARV/H.sapiens-tc/COD/2000/21 DRC	Marburg marburgvirus	JX458843	19114	-N/A-	2000	Human	Homo sapiens	Democratic Republic of the Congo	viral cRNA
MARV/R.aegyptiacus-tc/UGA/2009/1175 Qbat	Marburg marburgvirus	JX458854	19114	-N/A-	2009	Bat	Rousettus aegyptiacus	Uganda	viral cRNA
MARV/H.sapiens-tc/COD/2000/20 DRC	Marburg marburgvirus	JX458841	19114	-N/A-	2000	Human	Homo sapiens	Democratic Republic of the Congo	viral cRNA
MARV/H.sapiens-tc/COD/2000/24 DRC	Marburg marburgvirus	JX458834	19114	-N/A-	2000	Human	Homo sapiens	Democratic Republic of the Congo	viral cRNA
MARV/H.sapiens-tc/COD/2000/13 DRC	Marburg marburgvirus	JX458845	19114	-N/A-	2000	Human	Homo sapiens	Democratic Republic of the Congo	viral cRNA
MARV/H.sapiens-tc/COD/2000/15 DRC	Marburg marburgvirus	JX458847	19114	-N/A-	2000	Human	Homo sapiens	Democratic Republic of the Congo	viral cRNA
MARV/H.sapiens-tc/COD/2000/26 DRC	Marburg marburgvirus	JX458844	19114	-N/A-	2000	Human	Homo sapiens	Democratic Republic of the Congo	viral cRNA
MARV/H.sapiens-tc/COD/2000/34 DRC	Marburg marburgvirus	JX458829	19114	-N/A-	2000	Human	Homo sapiens	Democratic Republic of the Congo	viral cRNA
MARV/H.sapiens-tc/COD/2000/22 DRC	Marburg marburgvirus	JX458848	19114	-N/A-	2000	Human	Homo sapiens	Democratic Republic of the Congo	viral cRNA
MARV/H.sapiens-tc/COD/2000/33 DRC	Marburg marburgvirus	JX458850	19114	-N/A-	2000	Human	Homo sapiens	Democratic Republic of the Congo	viral cRNA
MARV/H.sapiens-tc/COD/2000/27 DRC	Marburg marburgvirus	JX458837	19114	-N/A-	2000	Human	Homo sapiens	Democratic Republic of the Congo	viral cRNA
MARV/H.sapiens-tc/COD/1999/02 DRC	Marburg marburgvirus	JX458851	19114	-N/A-	1999	Human	Homo sapiens	Democratic Republic of the Congo	viral cRNA
MARV/H.sapiens-tc/COD/1999/04 DRC	Marburg marburgvirus	JX458825	19113	-N/A-	1999	Human	Homo sapiens	Democratic Republic of the Congo	viral cRNA
MARV/H.sapiens-tc/COD/2000/23 DRC	Marburg marburgvirus	JX458835	19114	-N/A-	2000	Human	Homo sapiens	Democratic Republic of the Congo	viral cRNA
MARV/R.aegyptiacus-tc/UGA/2009/914 Qbat	Marburg marburgvirus	JX458856	19114	-N/A-	2009	Bat	Rousettus aegyptiacus	Uganda	viral cRNA
Mbg-423-2012	Marburg marburgvirus	KC545388	19114	-N/A-	2012	Human	Homo sapiens	Uganda	viral cRNA
Mbg-422-2012	Marburg marburgvirus	KC545387	19114	-N/A-	2012	Human	Homo sapiens	Uganda	viral cRNA
NML/M.musculus-lab/AGO/2005/Ang-MA-P2	Marburg marburgvirus	KM261523	19114	-N/A-	01/15/2014	Unknown	-N/A-	Canada	viral cRNA
Leiden	Marburg marburgvirus	JN408064	19113	-N/A-	2008	Human	Homo sapiens	Netherlands	viral cRNA
recMARV-371bat-301	Marburg marburgvirus	KP117259	19113	-N/A-	-N/A-	Unknown	-N/A-	-N/A-	genomic RNA
recMARV-371bat-294	Marburg marburgvirus	KP117260	19113	-N/A-	-N/A-	Unknown	-N/A-	-N/A-	genomic RNA
recMARV-371bat	Marburg marburgvirus	KP117261	19113	-N/A-	-N/A-	Unknown	-N/A-	-N/A-	genomic RNA
Marburg virus/H.sapiens-tc/AGO/2005/Angola-200501379	Marburg marburgvirus	KR867677	19113	-N/A-	03/13/2005	Human	Homo sapiens; F; 8M	Angola	viral cRNA
Marburg virus/H.sapiens-tc/AGO/2005/Angola-810820	Marburg marburgvirus	KR063674	19113	-N/A-	03/13/2005	Human	Homo sapiens; sex: F; age: 8M	Angola	viral cRNA
Angola prototype 20051379	Marburg marburgvirus	KU978782	19094	-N/A-	01/01/2005	Human	Homo sapiens	Angola	viral cRNA
Uganda 200703648	Marburg marburgvirus	KU059750	19097	-N/A-	01/01/2007	Human	Homo sapiens	Uganda	genomic RNA
Ravn virus/H. sapiens-tc/KEN/1987/Ravn-CDC811103	Marburg marburgvirus	KU179482	19114	-N/A-	08/19/1987	Human	Homo sapiens	Kenya	viral cRNA
Marburg virus/H.sapiens-tc/AGO/2005/Angola-368	Marburg marburgvirus	KY047763	19115	-N/A-	2005	Human	Homo sapiens	Angola	viral cRNA
Marburg virus/RML-IRF/M.auratus-lab/AGO/2005/Angola-368-HA	Marburg marburgvirus	KY047764	19025	-N/A-	2013	Hamster	Mesocricetus auratus	USA	viral cRNA
Marburg virus/H. sapiens-tc/UGA/2014/Kampala-812601	Marburg marburgvirus	KP985768	19113	-N/A-	2014	Human	Homo sapiens	Uganda	viral cRNA
Ravn virus/H.sapiens-tc/KEN/1987/Kitum Cave-810040	Marburg marburgvirus	NC_024781	19114	-N/A-	1987	Human	Homo sapiens	Kenya	viral cRNA
NML/C.porcellus-lab/AGO/2005/Ang-GA-P2	Marburg marburgvirus	MF939097	19114	-N/A-	07/2017	Unknown	-N/A-	Canada	viral cRNA
Marburg virus/H.sapiens-tc/KEN/1980/Mt. Elgon-Musoke	Marburg marburgvirus	NC_001608	19111	-N/A-	-N/A-	Unknown	-N/A-	Kenya	viral cRNA
recombinant MARV-ZsG	Marburg marburgvirus	MK271062	19875	-N/A-	-N/A-	Unknown	-N/A-	-N/A-	genomic RNA
PREDICT_SLAB3960 Kakbat_SL_2017	Marburg marburgvirus	MN258361	19100	-N/A-	06/12/2017	Bat	Rousettus aegyptiacus	Sierra Leone	viral cRNA
1000Kasbat SL 2018	Marburg marburgvirus	MN187403	19094	-N/A-	2018	Bat	Rousettus aegyptiacus	Sierra Leone	viral cRNA
968Kasbat SL 2018	Marburg marburgvirus	MN187404	19094	-N/A-	2018	Bat	Rousettus aegyptiacus	Sierra Leone	viral cRNA
960Kasbat SL 2018	Marburg marburgvirus	MN187405	19094	-N/A-	2018	Bat	Rousettus aegyptiacus	Sierra Leone	viral cRNA
960LNKasbat SL 2018	Marburg marburgvirus	MN187406	19094	-N/A-	2018	Bat	Rousettus aegyptiacus	Sierra Leone	viral cRNA
